{
  "acc": 0.9854227405247813,
  "auprc": 0.9974472514249779,
  "training_time": 18.857186794281006,
  "final_loss": 4.201165580749512,
  "amc_setting": {
    "amc_instance": 9.664533098289883,
    "amc_temporal": 8.978884445150788,
    "amc_margin": 0.16649353777780534
  },
  "temp_setting": {
    "min_tau": 0.22413384419459267,
    "max_tau": 0.8007515022600552,
    "t_max": 21.373373341799834,
    "method": "cyclic",
    "cycle_length": 7.124457780599944
  },
  "config": {
    "batch_size": 8,
    "lr": 0.001,
    "repr_dims": 320,
    "hidden_dims": 64,
    "depth": 10,
    "max_train_length": 3000,
    "epochs": 150,
    "iters": null,
    "seed": 2002,
    "gpu": 0,
    "max_threads": null,
    "amc_instance": 9.664533098289883,
    "amc_temporal": 8.978884445150788,
    "amc_margin": 0.16649353777780534,
    "min_tau": 0.22413384419459267,
    "max_tau": 0.8007515022600552,
    "t_max": 21.373373341799834,
    "temp_method": "cyclic",
    "temp_decay_rate": 0.95,
    "temp_step_size": null,
    "temp_gamma": 0.5,
    "temp_power": 2.0,
    "temp_steepness": 1.0,
    "temp_warmup_epochs": 2,
    "temp_num_cycles": 3,
    "temp_decay_factor": 0.8,
    "temp_phase": 0.0,
    "temp_frequency": 1.0,
    "temp_bias": 0.0,
    "temp_momentum": 0.9,
    "temp_adaptation_rate": 0.1,
    "temp_restart_period": 5.0,
    "temp_restart_mult": 1.5,
    "temp_cycle_length": null,
    "irregular": 0.0,
    "eval_protocol": "svm",
    "method": "acc"
  },
  "dataset": "Chinatown",
  "run_name": "opt_trial_1756317766084",
  "scenario": "amc_temp",
  "total_execution_time": 19.08405566215515,
  "timestamp": "2025-08-27T14:03:06.382421",
  "optimization_config": {
    "search_steps": 20,
    "search_time": null,
    "n_jobs": 1,
    "early_stopping": true,
    "statistical_significance": true,
    "num_trials": 5
  }
}