{
  "acc": 0.9737609329446064,
  "auprc": 0.9976839857042477,
  "training_time": 7.9852211475372314,
  "final_loss": 23.065582275390625,
  "amc_setting": {
    "amc_instance": 10.926334744834413,
    "amc_temporal": 9.107882689907184,
    "amc_margin": 0.8509575607148641
  },
  "temp_setting": {
    "min_tau": 0.2451406204538929,
    "max_tau": 0.5691251226121765,
    "t_max": 40.32452090672545,
    "method": "warmup_cosine",
    "warmup_epochs": 8
  },
  "config": {
    "batch_size": 8,
    "lr": 0.001,
    "repr_dims": 320,
    "hidden_dims": 64,
    "depth": 10,
    "max_train_length": 3000,
    "epochs": 150,
    "iters": null,
    "seed": 2002,
    "gpu": 0,
    "max_threads": null,
    "amc_instance": 10.926334744834413,
    "amc_temporal": 9.107882689907184,
    "amc_margin": 0.8509575607148641,
    "min_tau": 0.2451406204538929,
    "max_tau": 0.5691251226121765,
    "t_max": 40.32452090672545,
    "temp_method": "warmup_cosine",
    "temp_decay_rate": 0.95,
    "temp_step_size": null,
    "temp_gamma": 0.5,
    "temp_power": 2.0,
    "temp_steepness": 1.0,
    "temp_warmup_epochs": 8,
    "temp_num_cycles": 3,
    "temp_decay_factor": 0.8,
    "temp_phase": 0.0,
    "temp_frequency": 1.0,
    "temp_bias": 0.0,
    "temp_momentum": 0.9,
    "temp_adaptation_rate": 0.1,
    "temp_restart_period": 5.0,
    "temp_restart_mult": 1.5,
    "temp_cycle_length": null,
    "irregular": 0.0,
    "eval_protocol": "svm",
    "method": "acc"
  },
  "dataset": "Chinatown",
  "run_name": "opt_trial_1756353137922",
  "scenario": "amc_temp",
  "total_execution_time": 8.151615142822266,
  "timestamp": "2025-08-27T23:52:27.247402",
  "optimization_config": {
    "search_steps": 20,
    "search_time": null,
    "n_jobs": 1,
    "early_stopping": true,
    "statistical_significance": true,
    "num_trials": 5
  }
}