{
  "acc": 0.967930029154519,
  "auprc": 0.9978973854312231,
  "training_time": 18.825897932052612,
  "final_loss": 7.602301692962646,
  "amc_setting": {
    "amc_instance": 6.929909818081654,
    "amc_temporal": 5.908228319350655,
    "amc_margin": 0.9287792479949357
  },
  "temp_setting": {
    "min_tau": 0.23129358937358352,
    "max_tau": 0.8975265444860583,
    "t_max": 28.270817375122828,
    "method": "cyclic",
    "cycle_length": 9.42360579170761
  },
  "config": {
    "batch_size": 8,
    "lr": 0.001,
    "repr_dims": 320,
    "hidden_dims": 64,
    "depth": 10,
    "max_train_length": 3000,
    "epochs": 150,
    "iters": null,
    "seed": 2002,
    "gpu": 0,
    "max_threads": null,
    "amc_instance": 6.929909818081654,
    "amc_temporal": 5.908228319350655,
    "amc_margin": 0.9287792479949357,
    "min_tau": 0.23129358937358352,
    "max_tau": 0.8975265444860583,
    "t_max": 28.270817375122828,
    "temp_method": "cyclic",
    "temp_decay_rate": 0.95,
    "temp_step_size": null,
    "temp_gamma": 0.5,
    "temp_power": 2.0,
    "temp_steepness": 1.0,
    "temp_warmup_epochs": 2,
    "temp_num_cycles": 3,
    "temp_decay_factor": 0.8,
    "temp_phase": 0.0,
    "temp_frequency": 1.0,
    "temp_bias": 0.0,
    "temp_momentum": 0.9,
    "temp_adaptation_rate": 0.1,
    "temp_restart_period": 5.0,
    "temp_restart_mult": 1.5,
    "temp_cycle_length": null,
    "irregular": 0.0,
    "eval_protocol": "svm",
    "method": "acc"
  },
  "dataset": "Chinatown",
  "run_name": "opt_trial_1756317335082",
  "scenario": "amc_temp",
  "total_execution_time": 19.098899364471436,
  "timestamp": "2025-08-27T13:55:55.437221",
  "optimization_config": {
    "search_steps": 20,
    "search_time": null,
    "n_jobs": 1,
    "early_stopping": true,
    "statistical_significance": true,
    "num_trials": 5
  }
}