{
  "acc": 0.9825072886297376,
  "auprc": 0.9983323940758151,
  "training_time": 6.099851131439209,
  "final_loss": 15.045994758605957,
  "amc_setting": {
    "amc_instance": 2.183194696939438,
    "amc_temporal": 4.781885255502106,
    "amc_margin": 0.5975829625736254
  },
  "temp_setting": {
    "min_tau": 0.12212641703167683,
    "max_tau": 0.5687817412692532,
    "t_max": 39.43252183331503,
    "method": "linear_decay"
  },
  "config": {
    "batch_size": 32,
    "lr": 0.001,
    "repr_dims": 320,
    "hidden_dims": 64,
    "depth": 10,
    "max_train_length": 3000,
    "epochs": 200,
    "iters": null,
    "seed": 2002,
    "gpu": 0,
    "max_threads": null,
    "amc_instance": 2.183194696939438,
    "amc_temporal": 4.781885255502106,
    "amc_margin": 0.5975829625736254,
    "min_tau": 0.12212641703167683,
    "max_tau": 0.5687817412692532,
    "t_max": 39.43252183331503,
    "temp_method": "linear_decay",
    "temp_decay_rate": 0.95,
    "temp_step_size": null,
    "temp_gamma": 0.5,
    "temp_power": 2.0,
    "temp_steepness": 1.0,
    "temp_warmup_epochs": 2,
    "temp_num_cycles": 3,
    "temp_decay_factor": 0.8,
    "temp_phase": 0.0,
    "temp_frequency": 1.0,
    "temp_bias": 0.0,
    "temp_momentum": 0.9,
    "temp_adaptation_rate": 0.1,
    "temp_restart_period": 5.0,
    "temp_restart_mult": 1.5,
    "temp_cycle_length": null,
    "irregular": 0.0,
    "eval_protocol": "svm",
    "method": "acc"
  },
  "dataset": "Chinatown",
  "run_name": "opt_trial_1756317327183",
  "scenario": "amc_temp",
  "total_execution_time": 6.253148794174194,
  "timestamp": "2025-08-27T13:55:34.654327",
  "optimization_config": {
    "search_steps": 20,
    "search_time": null,
    "n_jobs": 1,
    "early_stopping": true,
    "statistical_significance": true,
    "num_trials": 5
  }
}