{
  "acc": 0.9795918367346939,
  "auprc": 0.9977024157318808,
  "training_time": 2.442868709564209,
  "final_loss": 17.0037841796875,
  "amc_setting": {
    "amc_instance": 3.558464115741866,
    "amc_temporal": 6.819412033508453,
    "amc_margin": 0.3290465971206915
  },
  "temp_setting": {
    "min_tau": 0.2198326027517821,
    "max_tau": 0.9945410300909796,
    "t_max": 34.420334787528404,
    "method": "cosine_annealing",
    "phase": 0.0,
    "frequency": 1.0,
    "bias": 0.0
  },
  "config": {
    "batch_size": 32,
    "lr": 0.001,
    "repr_dims": 320,
    "hidden_dims": 64,
    "depth": 10,
    "max_train_length": 3000,
    "epochs": 50,
    "iters": null,
    "seed": 2002,
    "gpu": 0,
    "max_threads": null,
    "amc_instance": 3.558464115741866,
    "amc_temporal": 6.819412033508453,
    "amc_margin": 0.3290465971206915,
    "min_tau": 0.2198326027517821,
    "max_tau": 0.9945410300909796,
    "t_max": 34.420334787528404,
    "temp_method": "cosine_annealing",
    "temp_decay_rate": 0.95,
    "temp_step_size": null,
    "temp_gamma": 0.5,
    "temp_power": 2.0,
    "temp_steepness": 1.0,
    "temp_warmup_epochs": 2,
    "temp_num_cycles": 3,
    "temp_decay_factor": 0.8,
    "temp_phase": 0.0,
    "temp_frequency": 1.0,
    "temp_bias": 0.0,
    "temp_momentum": 0.9,
    "temp_adaptation_rate": 0.1,
    "temp_restart_period": 5.0,
    "temp_restart_mult": 1.5,
    "temp_cycle_length": null,
    "irregular": 0.0,
    "eval_protocol": "svm",
    "method": "acc"
  },
  "dataset": "Chinatown",
  "run_name": "opt_trial_1756353133782",
  "scenario": "amc_temp",
  "total_execution_time": 2.561561107635498,
  "timestamp": "2025-08-27T23:52:17.529388",
  "optimization_config": {
    "search_steps": 20,
    "search_time": null,
    "n_jobs": 1,
    "early_stopping": true,
    "statistical_significance": true,
    "num_trials": 5
  }
}