{
  "acc": 0.9766763848396501,
  "auprc": 0.9985124216924847,
  "training_time": 7.417550086975098,
  "final_loss": 18.209122085571288,
  "amc_setting": {
    "amc_instance": 1.2400772382549192,
    "amc_temporal": 1.174549161848475,
    "amc_margin": 0.8743373503720714
  },
  "temp_setting": {
    "min_tau": 0.03741890625974785,
    "max_tau": 0.9046558839841755,
    "t_max": 27.244615473388112,
    "method": "exponential_decay",
    "decay_rate": 0.9111063236027276
  },
  "config": {
    "batch_size": 8,
    "lr": 0.001,
    "repr_dims": 320,
    "hidden_dims": 64,
    "depth": 10,
    "max_train_length": 3000,
    "epochs": 50,
    "iters": null,
    "seed": 2002,
    "gpu": 0,
    "max_threads": null,
    "amc_instance": 1.2400772382549192,
    "amc_temporal": 1.174549161848475,
    "amc_margin": 0.8743373503720714,
    "min_tau": 0.03741890625974785,
    "max_tau": 0.9046558839841755,
    "t_max": 27.244615473388112,
    "temp_method": "exponential_decay",
    "temp_decay_rate": 0.9111063236027276,
    "temp_step_size": null,
    "temp_gamma": 0.5,
    "temp_power": 2.0,
    "temp_steepness": 1.0,
    "temp_warmup_epochs": 2,
    "temp_num_cycles": 3,
    "temp_decay_factor": 0.8,
    "temp_phase": 0.0,
    "temp_frequency": 1.0,
    "temp_bias": 0.0,
    "temp_momentum": 0.9,
    "temp_adaptation_rate": 0.1,
    "temp_restart_period": 5.0,
    "temp_restart_mult": 1.5,
    "temp_cycle_length": null,
    "irregular": 0.0,
    "eval_protocol": "svm",
    "method": "acc"
  },
  "dataset": "Chinatown",
  "run_name": "opt_trial_1756317709473",
  "scenario": "amc_temp",
  "total_execution_time": 7.662663698196411,
  "timestamp": "2025-08-27T14:01:58.360834",
  "optimization_config": {
    "search_steps": 20,
    "search_time": null,
    "n_jobs": 1,
    "early_stopping": true,
    "statistical_significance": true,
    "num_trials": 5
  }
}