{"best": {"min_tau": 0.15, "max_tau": 0.75, "t_max": 10.5}, "res": {"acc": 0.9854227405247813, "auprc": 0.9982104696775895}}