{
  "scenario": "temp_exponential",
  "amc_setting": null,
  "temp_setting": {
    "method": "exponential_decay",
    "min_tau": 0.05119113879584546,
    "max_tau": 0.8348012217513415,
    "t_max": 31.684030474498567,
    "decay_rate": 0.95
  },
  "result": {
    "acc": 0.9795918367346939,
    "auprc": 0.9978073971750754
  }
}