{
  "acc": 0.9825072886297376,
  "auprc": 0.9976848745727103,
  "training_time": 4.701530694961548,
  "final_loss": 43.969444274902344,
  "amc_setting": {
    "amc_instance": 4.324347440522375,
    "amc_temporal": 6.047838575199797,
    "amc_margin": 0.4332736240256002
  },
  "temp_setting": {
    "min_tau": 0.02949255462499223,
    "max_tau": 0.6957391726840696,
    "t_max": 46.416767556727926,
    "method": "polynomial_decay",
    "power": 2.521924568656954
  },
  "config": {
    "batch_size": 32,
    "lr": 0.001,
    "repr_dims": 320,
    "hidden_dims": 64,
    "depth": 10,
    "max_train_length": 3000,
    "epochs": 150,
    "iters": null,
    "seed": 2002,
    "gpu": 0,
    "max_threads": null,
    "amc_instance": 4.324347440522375,
    "amc_temporal": 6.047838575199797,
    "amc_margin": 0.4332736240256002,
    "min_tau": 0.02949255462499223,
    "max_tau": 0.6957391726840696,
    "t_max": 46.416767556727926,
    "temp_method": "polynomial_decay",
    "temp_decay_rate": 0.95,
    "temp_step_size": null,
    "temp_gamma": 0.5,
    "temp_power": 2.521924568656954,
    "temp_steepness": 1.0,
    "temp_warmup_epochs": 2,
    "temp_num_cycles": 3,
    "temp_decay_factor": 0.8,
    "temp_phase": 0.0,
    "temp_frequency": 1.0,
    "temp_bias": 0.0,
    "temp_momentum": 0.9,
    "temp_adaptation_rate": 0.1,
    "temp_restart_period": 5.0,
    "temp_restart_mult": 1.5,
    "temp_cycle_length": null,
    "irregular": 0.0,
    "eval_protocol": "svm",
    "method": "acc"
  },
  "dataset": "Chinatown",
  "run_name": "opt_trial_1756353103316",
  "scenario": "amc_temp",
  "total_execution_time": 4.828688621520996,
  "timestamp": "2025-08-27T23:51:49.312126",
  "optimization_config": {
    "search_steps": 20,
    "search_time": null,
    "n_jobs": 1,
    "early_stopping": true,
    "statistical_significance": true,
    "num_trials": 5
  }
}