{
  "acc": 0.9825072886297376,
  "auprc": 0.998323357688772,
  "training_time": 19.114798069000244,
  "final_loss": 3.662460708618164,
  "amc_setting": {
    "amc_instance": 1.7668547903047385,
    "amc_temporal": 5.750135276809999,
    "amc_margin": 0.5593803835797717
  },
  "temp_setting": {
    "min_tau": 0.25904921616165816,
    "max_tau": 0.8586220581831774,
    "t_max": 43.24439720446947,
    "method": "polynomial_decay",
    "power": 1.2632005525661452
  },
  "config": {
    "batch_size": 8,
    "lr": 0.001,
    "repr_dims": 320,
    "hidden_dims": 64,
    "depth": 10,
    "max_train_length": 3000,
    "epochs": 150,
    "iters": null,
    "seed": 2002,
    "gpu": 0,
    "max_threads": null,
    "amc_instance": 1.7668547903047385,
    "amc_temporal": 5.750135276809999,
    "amc_margin": 0.5593803835797717,
    "min_tau": 0.25904921616165816,
    "max_tau": 0.8586220581831774,
    "t_max": 43.24439720446947,
    "temp_method": "polynomial_decay",
    "temp_decay_rate": 0.95,
    "temp_step_size": null,
    "temp_gamma": 0.5,
    "temp_power": 1.2632005525661452,
    "temp_steepness": 1.0,
    "temp_warmup_epochs": 2,
    "temp_num_cycles": 3,
    "temp_decay_factor": 0.8,
    "temp_phase": 0.0,
    "temp_frequency": 1.0,
    "temp_bias": 0.0,
    "temp_momentum": 0.9,
    "temp_adaptation_rate": 0.1,
    "temp_restart_period": 5.0,
    "temp_restart_mult": 1.5,
    "temp_cycle_length": null,
    "irregular": 0.0,
    "eval_protocol": "svm",
    "method": "acc"
  },
  "dataset": "Chinatown",
  "run_name": "opt_trial_1756317718777",
  "scenario": "amc_temp",
  "total_execution_time": 19.32900381088257,
  "timestamp": "2025-08-27T14:02:19.299259",
  "optimization_config": {
    "search_steps": 20,
    "search_time": null,
    "n_jobs": 1,
    "early_stopping": true,
    "statistical_significance": true,
    "num_trials": 5
  }
}