{
  "acc": 0.9825072886297376,
  "auprc": 0.9976421206711592,
  "training_time": 5.650279760360718,
  "final_loss": 13.13844633102417,
  "amc_setting": {
    "amc_instance": 10.239000226056985,
    "amc_temporal": 4.252586973393903,
    "amc_margin": 0.6186744113425836
  },
  "temp_setting": {
    "min_tau": 0.23806200739834082,
    "max_tau": 0.5780706869486583,
    "t_max": 48.89637975193021,
    "method": "step_decay",
    "step_size": 9,
    "gamma": 0.732675603938681
  },
  "config": {
    "batch_size": 8,
    "lr": 0.001,
    "repr_dims": 320,
    "hidden_dims": 64,
    "depth": 10,
    "max_train_length": 3000,
    "epochs": 100,
    "iters": null,
    "seed": 2002,
    "gpu": 0,
    "max_threads": null,
    "amc_instance": 10.239000226056985,
    "amc_temporal": 4.252586973393903,
    "amc_margin": 0.6186744113425836,
    "min_tau": 0.23806200739834082,
    "max_tau": 0.5780706869486583,
    "t_max": 48.89637975193021,
    "temp_method": "step_decay",
    "temp_decay_rate": 0.95,
    "temp_step_size": 9,
    "temp_gamma": 0.732675603938681,
    "temp_power": 2.0,
    "temp_steepness": 1.0,
    "temp_warmup_epochs": 2,
    "temp_num_cycles": 3,
    "temp_decay_factor": 0.8,
    "temp_phase": 0.0,
    "temp_frequency": 1.0,
    "temp_bias": 0.0,
    "temp_momentum": 0.9,
    "temp_adaptation_rate": 0.1,
    "temp_restart_period": 5.0,
    "temp_restart_mult": 1.5,
    "temp_cycle_length": null,
    "irregular": 0.0,
    "eval_protocol": "svm",
    "method": "acc"
  },
  "dataset": "Chinatown",
  "run_name": "opt_trial_1756353095907",
  "scenario": "amc_temp",
  "total_execution_time": 5.835202932357788,
  "timestamp": "2025-08-27T23:51:42.927090",
  "optimization_config": {
    "search_steps": 20,
    "search_time": null,
    "n_jobs": 1,
    "early_stopping": true,
    "statistical_significance": true,
    "num_trials": 5
  }
}