{
  "acc": 0.9825072886297376,
  "auprc": 0.9985879581485642,
  "training_time": 18.870771408081055,
  "final_loss": 6.707527542114258,
  "amc_setting": {
    "amc_instance": 9.414184740794175,
    "amc_temporal": 4.06521290168746,
    "amc_margin": 0.49820981995644265
  },
  "temp_setting": {
    "min_tau": 0.13699310449450874,
    "max_tau": 0.8935358424046893,
    "t_max": 9.117372906897055,
    "method": "exponential_decay",
    "decay_rate": 0.8870247561596597
  },
  "config": {
    "batch_size": 8,
    "lr": 0.001,
    "repr_dims": 320,
    "hidden_dims": 64,
    "depth": 10,
    "max_train_length": 3000,
    "epochs": 150,
    "iters": null,
    "seed": 2002,
    "gpu": 0,
    "max_threads": null,
    "amc_instance": 9.414184740794175,
    "amc_temporal": 4.06521290168746,
    "amc_margin": 0.49820981995644265,
    "min_tau": 0.13699310449450874,
    "max_tau": 0.8935358424046893,
    "t_max": 9.117372906897055,
    "temp_method": "exponential_decay",
    "temp_decay_rate": 0.8870247561596597,
    "temp_step_size": null,
    "temp_gamma": 0.5,
    "temp_power": 2.0,
    "temp_steepness": 1.0,
    "temp_warmup_epochs": 2,
    "temp_num_cycles": 3,
    "temp_decay_factor": 0.8,
    "temp_phase": 0.0,
    "temp_frequency": 1.0,
    "temp_bias": 0.0,
    "temp_momentum": 0.9,
    "temp_adaptation_rate": 0.1,
    "temp_restart_period": 5.0,
    "temp_restart_mult": 1.5,
    "temp_cycle_length": null,
    "irregular": 0.0,
    "eval_protocol": "svm",
    "method": "acc"
  },
  "dataset": "Chinatown",
  "run_name": "opt_trial_1756317739720",
  "scenario": "amc_temp",
  "total_execution_time": 19.10004162788391,
  "timestamp": "2025-08-27T14:02:40.028227",
  "optimization_config": {
    "search_steps": 20,
    "search_time": null,
    "n_jobs": 1,
    "early_stopping": true,
    "statistical_significance": true,
    "num_trials": 5
  }
}