{
  "acc": 0.9795918367346939,
  "auprc": 0.9977299491372595,
  "training_time": 3.8050689697265625,
  "final_loss": 24.6419620513916,
  "amc_setting": {
    "amc_instance": 10.24477978059696,
    "amc_temporal": 6.620438358276105,
    "amc_margin": 0.5748832603665762
  },
  "temp_setting": {
    "min_tau": 0.09022692512492554,
    "max_tau": 0.7464420310027005,
    "t_max": 33.94303093205223,
    "method": "polynomial_decay",
    "power": 2.059890919897072
  },
  "config": {
    "batch_size": 16,
    "lr": 0.001,
    "repr_dims": 320,
    "hidden_dims": 64,
    "depth": 10,
    "max_train_length": 3000,
    "epochs": 50,
    "iters": null,
    "seed": 2002,
    "gpu": 0,
    "max_threads": null,
    "amc_instance": 10.24477978059696,
    "amc_temporal": 6.620438358276105,
    "amc_margin": 0.5748832603665762,
    "min_tau": 0.09022692512492554,
    "max_tau": 0.7464420310027005,
    "t_max": 33.94303093205223,
    "temp_method": "polynomial_decay",
    "temp_decay_rate": 0.95,
    "temp_step_size": null,
    "temp_gamma": 0.5,
    "temp_power": 2.059890919897072,
    "temp_steepness": 1.0,
    "temp_warmup_epochs": 2,
    "temp_num_cycles": 3,
    "temp_decay_factor": 0.8,
    "temp_phase": 0.0,
    "temp_frequency": 1.0,
    "temp_bias": 0.0,
    "temp_momentum": 0.9,
    "temp_adaptation_rate": 0.1,
    "temp_restart_period": 5.0,
    "temp_restart_mult": 1.5,
    "temp_cycle_length": null,
    "irregular": 0.0,
    "eval_protocol": "svm",
    "method": "acc"
  },
  "dataset": "Chinatown",
  "run_name": "opt_trial_1756317760454",
  "scenario": "amc_temp",
  "total_execution_time": 3.98126482963562,
  "timestamp": "2025-08-27T14:02:45.656440",
  "optimization_config": {
    "search_steps": 20,
    "search_time": null,
    "n_jobs": 1,
    "early_stopping": true,
    "statistical_significance": true,
    "num_trials": 5
  }
}