{"best": {"min_tau": 0.15, "max_tau": 0.75, "t_max": 10.5}, "res": {"acc": 0.9766763848396501, "auprc": 0.9981321264483407}}