{
  "method": "exponential_decay",
  "best_params": {
    "min_tau": 0.06022940649953554,
    "max_tau": 0.7724142772994764,
    "t_max": 26.47073068952962,
    "decay_rate": 0.9683632629991449
  },
  "best_accuracy": 0.9825072886297376,
  "optimization_steps": 10,
  "optimization_time": 86.62344789505005
}