{
  "scenario": "temp_linear",
  "amc_setting": null,
  "temp_setting": {
    "method": "linear_decay",
    "min_tau": 0.05016314585283949,
    "max_tau": 0.7415077533036292,
    "t_max": 17.623324578082777
  },
  "result": {
    "acc": 0.9766763848396501,
    "auprc": 0.9975136388483399
  }
}