{
  "scenario": "temp_step",
  "amc_setting": null,
  "temp_setting": {
    "method": "step_decay",
    "min_tau": 0.1274240315050605,
    "max_tau": 0.7194538165889542,
    "t_max": 30.79789894612929,
    "step_size": 10,
    "gamma": 0.5
  },
  "result": {
    "acc": 0.9795918367346939,
    "auprc": 0.9978852951893256
  }
}