{
  "method": "evolutionary",
  "n_generations": 18,
  "population_size": 20,
  "best_params": {
    "amc_instance": 1.5424813562514177,
    "amc_temporal": 0.9230382283167604,
    "amc_margin": 0.7372986321424719,
    "min_tau": 0.14753608102920973,
    "max_tau": 1.1061471719301066,
    "t_max": 21.610941568127373,
    "learning_rate": 0.00477254778144267,
    "weight_decay": 0.0026215721759331938,
    "dropout_rate": 0.12755215696412858,
    "scheduler_method": "cosine",
    "batch_size": 4,
    "hidden_dim": 128,
    "n_layers": 4
  },
  "best_score": 0.8583582175115233,
  "fitness_history": [
    0.8399674998552092,
    0.8457707160915986,
    0.8519290207319017,
    0.8519290207319017,
    0.8534152307477143,
    0.8534152307477143,
    0.8534834316134227,
    0.8534834316134227,
    0.8583582175115233,
    0.8583582175115233,
    0.8583582175115233,
    0.8583582175115233,
    0.8583582175115233,
    0.8583582175115233,
    0.8583582175115233,
    0.8583582175115233,
    0.8583582175115233,
    0.8583582175115233
  ],
  "diversity_history": [
    1.8632031738039478,
    1.6292834936639615,
    1.7685122498520562,
    1.7371569176638888,
    1.6221378639535555,
    1.6749600365017425,
    1.3789864195262238,
    1.2020760534920434,
    0.9261292766830667,
    1.147872334349912,
    1.2816151397400333,
    1.2516745947829808,
    1.3916905107662412,
    1.2163562850526874,
    1.2538730437995955,
    1.3427000577002604,
    1.3455441804672472,
    1.2805817839661138
  ],
  "final_population": [
    {
      "genes": {
        "amc_instance": 1.5424813562514177,
        "amc_temporal": 0.9230382283167604,
        "amc_margin": 0.7372986321424719,
        "min_tau": 0.14753608102920973,
        "max_tau": 1.1061471719301066,
        "t_max": 21.610941568127373,
        "learning_rate": 0.00477254778144267,
        "weight_decay": 0.0026215721759331938,
        "dropout_rate": 0.12755215696412858,
        "scheduler_method": "cosine",
        "batch_size": 4,
        "hidden_dim": 128,
        "n_layers": 4
      },
      "fitness": 0.8583582175115233
    },
    {
      "genes": {
        "amc_instance": 1.5424813562514177,
        "amc_temporal": 1.0136818108032755,
        "amc_margin": 0.8580406493852546,
        "min_tau": 0.05,
        "max_tau": 1.0703842976518678,
        "t_max": 21.610941568127373,
        "learning_rate": 0.00477254778144267,
        "weight_decay": 0.008857973520983416,
        "dropout_rate": 0.21940512913926813,
        "scheduler_method": "cosine",
        "batch_size": 4,
        "hidden_dim": 128,
        "n_layers": 2
      },
      "fitness": 0.8583319655421634
    },
    {
      "genes": {
        "amc_instance": 1.5424813562514177,
        "amc_temporal": 0.9230382283167604,
        "amc_margin": 0.3436916589893235,
        "min_tau": 0.15251851448528872,
        "max_tau": 1.1061471719301066,
        "t_max": 21.610941568127373,
        "learning_rate": 0.00477254778144267,
        "weight_decay": 0.0026215721759331938,
        "dropout_rate": 0.12755215696412858,
        "scheduler_method": "cosine",
        "batch_size": 4,
        "hidden_dim": 512,
        "n_layers": 5
      },
      "fitness": -Infinity
    },
    {
      "genes": {
        "amc_instance": 1.5424813562514177,
        "amc_temporal": 1.0355920374038798,
        "amc_margin": 0.9119247775052539,
        "min_tau": 0.05,
        "max_tau": 1.0703842976518678,
        "t_max": 19.89670898517462,
        "learning_rate": 0.00477254778144267,
        "weight_decay": 0.005990360752738124,
        "dropout_rate": 0.21940512913926813,
        "scheduler_method": "sigmoid",
        "batch_size": 4,
        "hidden_dim": 320,
        "n_layers": 2
      },
      "fitness": -Infinity
    },
    {
      "genes": {
        "amc_instance": 1.2831125470986517,
        "amc_temporal": 1.0652598316284156,
        "amc_margin": 0.7372986321424719,
        "min_tau": 0.10114777158528951,
        "max_tau": 1.114024129175938,
        "t_max": 21.610941568127373,
        "learning_rate": 0.00477254778144267,
        "weight_decay": 0.01,
        "dropout_rate": 0.21940512913926813,
        "scheduler_method": "sigmoid",
        "batch_size": 4,
        "hidden_dim": 128,
        "n_layers": 2
      },
      "fitness": -Infinity
    },
    {
      "genes": {
        "amc_instance": 1.511550739592275,
        "amc_temporal": 1.0355920374038798,
        "amc_margin": 0.7372986321424719,
        "min_tau": 0.10114777158528951,
        "max_tau": 0.962132796912262,
        "t_max": 21.610941568127373,
        "learning_rate": 0.00477254778144267,
        "weight_decay": 0.0029026124252520664,
        "dropout_rate": 0.17271597791002335,
        "scheduler_method": "exponential",
        "batch_size": 4,
        "hidden_dim": 128,
        "n_layers": 2
      },
      "fitness": -Infinity
    },
    {
      "genes": {
        "amc_instance": 1.5424813562514177,
        "amc_temporal": 1.0136818108032755,
        "amc_margin": 0.8580406493852546,
        "min_tau": 0.05,
        "max_tau": 1.0651421548880966,
        "t_max": 21.610941568127373,
        "learning_rate": 0.00477254778144267,
        "weight_decay": 0.008857973520983416,
        "dropout_rate": 0.21940512913926813,
        "scheduler_method": "cosine",
        "batch_size": 4,
        "hidden_dim": 128,
        "n_layers": 2
      },
      "fitness": -Infinity
    },
    {
      "genes": {
        "amc_instance": 1.5424813562514177,
        "amc_temporal": 1.0355920374038798,
        "amc_margin": 0.8580406493852546,
        "min_tau": 0.05,
        "max_tau": 1.0703842976518678,
        "t_max": 19.89670898517462,
        "learning_rate": 0.00477254778144267,
        "weight_decay": 0.005990360752738124,
        "dropout_rate": 0.21940512913926813,
        "scheduler_method": "sigmoid",
        "batch_size": 4,
        "hidden_dim": 256,
        "n_layers": 2
      },
      "fitness": -Infinity
    },
    {
      "genes": {
        "amc_instance": 1.5424813562514177,
        "amc_temporal": 1.0136818108032755,
        "amc_margin": 0.8580406493852546,
        "min_tau": 0.05,
        "max_tau": 1.0703842976518678,
        "t_max": 21.610941568127373,
        "learning_rate": 0.004291673284689495,
        "weight_decay": 0.008857973520983416,
        "dropout_rate": 0.21940512913926813,
        "scheduler_method": "cosine",
        "batch_size": 4,
        "hidden_dim": 128,
        "n_layers": 2
      },
      "fitness": -Infinity
    },
    {
      "genes": {
        "amc_instance": 1.5424813562514177,
        "amc_temporal": 1.0355920374038798,
        "amc_margin": 0.9136064295305778,
        "min_tau": 0.05,
        "max_tau": 1.0703842976518678,
        "t_max": 21.610941568127373,
        "learning_rate": 0.00477254778144267,
        "weight_decay": 0.005990360752738124,
        "dropout_rate": 0.21940512913926813,
        "scheduler_method": "exponential",
        "batch_size": 4,
        "hidden_dim": 128,
        "n_layers": 5
      },
      "fitness": -Infinity
    },
    {
      "genes": {
        "amc_instance": 1.5424813562514177,
        "amc_temporal": 1.0355920374038798,
        "amc_margin": 0.7372986321424719,
        "min_tau": 0.05,
        "max_tau": 1.0703842976518678,
        "t_max": 21.610941568127373,
        "learning_rate": 0.00477254778144267,
        "weight_decay": 0.005990360752738124,
        "dropout_rate": 0.21940512913926813,
        "scheduler_method": "sigmoid",
        "batch_size": 4,
        "hidden_dim": 256,
        "n_layers": 2
      },
      "fitness": -Infinity
    },
    {
      "genes": {
        "amc_instance": 1.511550739592275,
        "amc_temporal": 1.0355920374038798,
        "amc_margin": 0.8580406493852546,
        "min_tau": 0.10114777158528951,
        "max_tau": 1.0703842976518678,
        "t_max": 18.177691099520676,
        "learning_rate": 0.00477254778144267,
        "weight_decay": 0.005990360752738124,